index,drugs,SMILES
0,6-Azauridine,[H][C@@]1(O)[C@@H](COP(O)(O)=O)O[C@H]([C@@H]1O)N1N=CC(=O)NC1=O
1,Abacavir,NC1=NC2=C(N=CN2[C@@H]2C[C@H](CO)C=C2)C(NC2CC2)=N1
2,Acyclovir,NC1=NC(=O)C2=C(N1)N(COCCO)C=N2
3,Asunaprevir,COC1=CN=C(O[C@@H]2C[C@H](N(C2)C(=O)[C@@H](NC(=O)OC(C)(C)C)C(C)(C)C)C(=O)N[C@@]2(C[C@H]2C=C)C(=O)NS(=O)(=O)C2CC2)C2=C1C=CC(Cl)=C2
4,Atazanavir,COC(=O)N[C@H](C(=O)N[C@@H](CC1=CC=CC=C1)[C@@H](O)CN(CC1=CC=C(C=C1)C1=CC=CC=N1)NC(=O)[C@@H](NC(=O)OC)C(C)(C)C)C(C)(C)C
5,Baloxavir_marboxil,[H][C@@]12COCCN1C(=O)C1=C(OCOC(=O)OC)C(=O)C=CN1N2[C@H]1C2=CC=C(F)C(F)=C2CSC2=CC=CC=C12
6,Bictegravir,OC1=C2N(C[C@H]3O[C@@H]4CC[C@@H](C4)N3C2=O)C=C(C(=O)NCC2=C(F)C=C(F)C=C2F)C1=O
7,Boceprevir,[H][C@]12CN([C@H](C(=O)NC(CC3CCC3)C(=O)C(N)=O)[C@@]1([H])C2(C)C)C(=O)[C@@H](NC(=O)NC(C)(C)C)C(C)(C)C
8,Camostat,CN(C)C(=O)COC(=O)CC1=CC=C(OC(=O)C2=CC=C(NC(N)=N)C=C2)C=C1
9,Cenicriviroc,CCCCOCCOC1=CC=C(C=C1)C1=CC2=C(C=C1)N(CC(C)C)CCC\C(=C/2)C(=O)NC1=CC=C(C=C1)[S@@](=O)CC1=CN=CN1CCC
10,Censavudine,CC1=CN([C@@H]2O[C@](CO)(C=C2)C#C)C(=O)NC1=O
11,Chloroquine,CCN(CC)CCCC(C)NC1=CC=NC2=CC(Cl)=CC=C12
12,Cobicistat,CC(C)C1=NC(CN(C)C(=O)N[C@@H](CCN2CCOCC2)C(=O)N[C@H](CC[C@H](CC2=CC=CC=C2)NC(=O)OCC2=CN=CS2)CC2=CC=CC=C2)=CS1
13,Cyclosporin_A,CC[C@@H]1NC(=O)[C@H]([C@H](O)[C@H](C)C\C=C\C)N(C)C(=O)[C@H](C(C)C)N(C)C(=O)[C@H](CC(C)C)N(C)C(=O)[C@H](CC(C)C)N(C)C(=O)[C@@H](C)NC(=O)[C@H](C)NC(=O)[C@H](CC(C)C)N(C)C(=O)[C@@H](NC(=O)[C@H](CC(C)C)N(C)C(=O)CN(C)C1=O)C(C)C
14,Daclatasvir,COC(=O)N[C@@H](C(C)C)C(=O)N1CCC[C@H]1C1=NC=C(N1)C1=CC=C(C=C1)C1=CC=C(C=C1)C1=CN=C(N1)[C@@H]1CCCN1C(=O)[C@@H](NC(=O)OC)C(C)C
15,Darunavir,[H][C@@]12CCO[C@]1([H])OC[C@@H]2OC(=O)N[C@@H](CC1=CC=CC=C1)[C@H](O)CN(CC(C)C)S(=O)(=O)C1=CC=C(N)C=C1
16,Didanosine,OC[C@@H]1CC[C@@H](O1)N1C=NC2=C1NC=NC2=O
17,Dolutegravir,[H][C@]12CN3C=C(C(=O)NCC4=CC=C(F)C=C4F)C(=O)C(O)=C3C(=O)N1[C@H](C)CCO2
18,Efavirenz,FC(F)(F)[C@]1(OC(=O)NC2=C1C=C(Cl)C=C2)C#CC1CC1
19,Elbasvir,COC(=O)N[C@@H](C(C)C)C(=O)N1CCC[C@H]1C1=NC(=CN1)C1=CC2=C(C=C1)N1[C@@H](OC3=C(C=CC(=C3)C3=CNC(=N3)[C@@H]3CCCN3C(=O)[C@@H](NC(=O)OC)C(C)C)C1=C2)C1=CC=CC=C1
20,Eltrombopag,CC1=NN(C(=O)\C1=N/NC1=CC=CC(C2=CC=CC(=C2)C(O)=O)=C1O)C1=CC=C(C)C(C)=C1
21,Elvitegravir,[H][C@@](CO)(C(C)C)N1C=C(C(O)=O)C(=O)C2=C1C=C(OC)C(CC1=C(F)C(Cl)=CC=C1)=C2
22,Emtricitabine,NC1=NC(=O)N(C=C1F)[C@@H]1CS[C@H](CO)O1
23,Etravirine,CC1=CC(=CC(C)=C1OC1=C(Br)C(N)=NC(NC2=CC=C(C=C2)C#N)=N1)C#N
24,FK506,CO[C@@H]1C[C@@H](CC[C@H]1O)\C=C(/C)[C@H]1OC(=O)[C@@H]2CCCCN2C(=O)C(=O)[C@]2(O)O[C@@H]([C@H](C[C@H]2C)OC)[C@H](C[C@@H](C)C\C(C)=C\[C@@H](CC=C)C(=O)C[C@H](O)[C@H]1C)OC
25,Fosamprenavir,CC(C)CN(C[C@@H](OP(O)(O)=O)[C@H](CC1=CC=CC=C1)NC(=O)O[C@H]1CCOC1)S(=O)(=O)C1=CC=C(N)C=C1
26,Ganciclovir,NC1=NC2=C(N=CN2COC(CO)CO)C(=O)N1
27,Glecaprevir,[H][C@@]12CN(C(=O)[C@@]([H])(NC(=O)O[C@]3([H])CCC[C@@]3([H])OC\C=C\C(F)(F)C3=NC4=C(C=CC=C4)N=C3O1)C(C)(C)C)[C@@]([H])(C2)C(=O)N[C@@]1(C[C@H]1C(F)F)C(=O)NS(=O)(=O)C1(C)CC1
28,Glycyrrhizin,[H][C@@]12C[C@](C)(CC[C@]1(C)CC[C@]1(C)C2=CC(=O)[C@]2([H])[C@@]3(C)CC[C@H](O[C@H]4O[C@@H]([C@@H](O)[C@H](O)[C@H]4O[C@@H]4O[C@@H]([C@@H](O)[C@H](O)[C@H]4O)C(O)=O)C(O)=O)C(C)(C)[C@]3([H])CC[C@@]12C)C(O)=O
29,Grazoprevir,COC1=CC2=NC3=C(CCCCC[C@@H]4C[C@H]4OC(=O)N[C@H](C(=O)N4C[C@@H](C[C@H]4C(=O)N[C@@]4(C[C@H]4C=C)C(=O)NS(=O)(=O)C4CC4)O3)C(C)(C)C)N=C2C=C1
30,Herbacetin,C1=CC(=CC=C1C2=C(C(=O)C3=C(O2)C(=C(C=C3O)O)O)O)O
31,Indinavir,CC(C)(C)NC(=O)[C@@H]1CN(CC2=CN=CC=C2)CCN1C[C@@H](O)C[C@@H](CC1=CC=CC=C1)C(=O)N[C@@H]1[C@H](O)CC2=CC=CC=C12
32,Lamivudine,NC1=NC(=O)N(C=C1)[C@@H]1CS[C@H](CO)O1
33,Laninamivir,[H][C@]1(OC(=C[C@H](NC(N)=N)[C@H]1NC(C)=O)C(O)=O)[C@H](OC)[C@H](O)CO
34,Ledipasvir,COC(=O)N[C@@H](C(C)C)C(=O)N1CC2(CC2)C[C@H]1C1=NC(=CN1)C1=CC=C2C3=CC=C(C=C3C(F)(F)C2=C1)C1=CC=C2NC(=NC2=C1)[C@@H]1[C@H]2CC[C@H](C2)N1C(=O)[C@@H](NC(=O)OC)C(C)C
35,Letermovir,COC1=CC=CC(=C1)N1CCN(CC1)C1=NC2=C(C=CC=C2F)[C@H](CC(O)=O)N1C1=CC(=CC=C1OC)C(F)(F)F
36,Lopinavir,CC(C)[C@H](N1CCCNC1=O)C(=O)N[C@H](C[C@H](O)[C@H](CC1=CC=CC=C1)NC(=O)COC1=C(C)C=CC=C1C)CC1=CC=CC=C1
37,Maraviroc,CC(C)C1=NN=C(C)N1[C@H]1C[C@@H]2CC[C@H](C1)N2CC[C@H](NC(=O)C1CCC(F)(F)CC1)C1=CC=CC=C1
38,Maribavir,CC(C)NC1=NC2=CC(Cl)=C(Cl)C=C2N1[C@H]1O[C@@H](CO)[C@H](O)[C@@H]1O
39,Mizoribine,NC(=O)C1=C(O)N(C=N1)[C@@H]1O[C@H](CO)[C@@H](O)[C@H]1O
40,Mycophenolic_acid,COC1=C(C\C=C(/C)CCC(O)=O)C(O)=C2C(=O)OCC2=C1C
41,Nelfinavir,[H][C@@]12CCCC[C@]1([H])CN(C[C@@H](O)[C@H](CSC1=CC=CC=C1)NC(=O)C1=C(C)C(O)=CC=C1)[C@@H](C2)C(=O)NC(C)(C)C
42,Nevirapine,CC1=C2NC(=O)C3=C(N=CC=C3)N(C3CC3)C2=NC=C1
43,Nitazoxanide,CC(=O)OC1=CC=CC=C1C(=O)NC1=NC=C(S1)[N+]([O-])=O
44,Oseltamivir,CCOC(=O)C1=C[C@@H](OC(CC)CC)[C@H](NC(C)=O)[C@@H](N)C1
45,Pentoxifylline,CN1C=NC2=C1C(=O)N(CCCCC(C)=O)C(=O)N2C
46,Peramivir,[H][C@@]1([C@@H](NC(C)=O)C(CC)CC)[C@H](O)[C@H](C[C@H]1NC(N)=N)C(O)=O
47,Phenothiazine,N1C2=CC=CC=C2SC2=CC=CC=C12
48,Presatovir,CC1=CN2N=C(C=C2N=C1N1CC[C@H](N)C1)[C@@H]1CCCCN1C(=O)C1=CC(Cl)=CC=C1NS(C)(=O)=O
49,Pyrazofurin,C(C1C(C(C(O1)C2=NNC(=C2O)C(=O)N)O)O)O
50,Raltegravir,CN1C(=O)C(O)=C(N=C1C(C)(C)NC(=O)C1=NN=C(C)O1)C(=O)NCC1=CC=C(F)C=C1
51,Remdesivir,CCC(CC)COC(=O)[C@H](C)N[P@](=O)(OC[C@H]1O[C@](C#N)([C@H](O)[C@@H]1O)C1=CC=C2N1N=CN=C2N)OC1=CC=CC=C1
52,Rhoifolin,CC1C(C(C(C(O1)OC2C(C(C(OC2OC3=CC(=C4C(=C3)OC(=CC4=O)C5=CC=C(C=C5)O)O)CO)O)O)O)O)O
53,Ribavirin,NC(=O)C1=NN(C=N1)[C@@H]1O[C@H](CO)[C@@H](O)[C@H]1O
54,Rifabutin,CO[C@H]1\C=C\O[C@@]2(C)OC3=C(C2=O)C2=C(C(O)=C3C)C(=O)C(NC(=O)\C(C)=C/C=C/[C@H](C)[C@H](O)[C@@H](C)[C@@H](O)[C@@H](C)[C@H](OC(C)=O)[C@@H]1C)=C1NC3(CCN(CC3)CC(C)C)N=C21
55,Rilpivirine,CC1=CC(\C=C\C#N)=CC(C)=C1NC1=CC=NC(NC2=CC=C(C=C2)C#N)=N1
56,Rimantadine,CC(N)C12CC3CC(CC(C3)C1)C2
57,Ritonavir,CC(C)[C@H](NC(=O)N(C)CC1=CSC(=N1)C(C)C)C(=O)N[C@H](C[C@H](O)[C@H](CC1=CC=CC=C1)NC(=O)OCC1=CN=CS1)CC1=CC=CC=C1
58,Saquinavir,[H][C@@]12CCCC[C@]1([H])CN(C[C@@H](O)[C@H](CC1=CC=CC=C1)NC(=O)[C@H](CC(N)=O)NC(=O)C1=NC3=C(C=CC=C3)C=C1)[C@@H](C2)C(=O)NC(C)(C)C
59,Simeprevir,[H][C@]12C[C@]1(NC(=O)[C@]1([H])C[C@H](C[C@@]1([H])C(=O)N(C)CCCC\C=C/2)OC1=CC(=NC2=C1C=CC(OC)=C2C)C1=NC(=CS1)C(C)C)C(=O)NS(=O)(=O)C1CC1
60,Sofosbuvir,CC(C)OC(=O)[C@H](C)N[P@](=O)(OC[C@H]1O[C@@H](N2C=CC(=O)NC2=O)[C@](C)(F)[C@@H]1O)OC1=CC=CC=C1
61,Stavudine,CC1=CN([C@@H]2O[C@H](CO)C=C2)C(=O)NC1=O
62,Sulfamethoxazole,CC1=CC(NS(=O)(=O)C2=CC=C(N)C=C2)=NO1
63,Teicoplanin,CCCCCCCCCC(=O)N[C@@H]1[C@H]([C@@H]([C@H](O[C@H]1OC2=C3C=C4C=C2OC5=C(C=C(C=C5)[C@H]([C@H]6C(=O)N[C@@H](C7=C(C(=CC(=C7)O)OC8[C@H]([C@H]([C@@H]([C@H](O8)CO)O)O)O)C9=C(C=CC(=C9)[C@H](C(=O)N6)NC(=O)[C@@H]4NC(=O)[C@@H]1C2=CC(=CC(=C2)OC2=C(C=CC(=C2)[C@H](C(=O)N[C@H](CC2=CC(=C(O3)C=C2)Cl)C(=O)N1)N)O)O)O)C(=O)O)O[C@H]1[C@@H]([C@H]([C@@H]([C@H](O1)CO)O)O)NC(=O)C)Cl)CO)O)O
64,Tenofovir,C[C@H](CN1C=NC2=C1N=CN=C2N)OCP(O)(O)=O
65,Tenofovir_alafenamide,CC(C)OC(=O)[C@H](C)N[P@](=O)(CO[C@H](C)CN1C=NC2=C(N)N=CN=C12)OC1=CC=CC=C1
66,Tenofovir_disoproxil,[H][C@@](C)(CN1C=NC2=C(N)N=CN=C12)OCP(=O)(OCOC(=O)OC(C)C)OCOC(=O)OC(C)C
67,Tipranavir,[H][C@@](CC)(C1=CC(NS(=O)(=O)C2=NC=C(C=C2)C(F)(F)F)=CC=C1)C1=C(O)C[C@@](CCC)(CCC2=CC=CC=C2)OC1=O
68,Trimethoprim,COC1=CC(CC2=CN=C(N)N=C2N)=CC(OC)=C1OC
69,Valaciclovir,CC(C)[C@H](N)C(=O)OCCOCN1C=NC2=C1NC(N)=NC2=O
70,Valganciclovir,CC(C)[C@H](N)C(=O)OCC(CO)OCN1C=NC2=C1NC(N)=NC2=O
71,Velpatasvir,COC[C@H]1C[C@H](N(C1)C(=O)[C@H](NC(=O)OC)C1=CC=CC=C1)C1=NC=C(N1)C1=CC=C2C(COC3=CC4=C(C=CC5=C4NC(=N5)[C@@H]4CC[C@H](C)N4C(=O)[C@@H](NC(=O)OC)C(C)C)C=C23)=C1
72,Voxilaprevir,CC[C@@H]1[C@@H]2CN([C@@H]1C(=O)N[C@@]1(C[C@H]1C(F)F)C(=O)NS(=O)(=O)C1(C)CC1)C(=O)[C@@H](NC(=O)O[C@@H]1C[C@H]1CCCCC(F)(F)C1=C(O2)N=C2C=C(OC)C=CC2=N1)C(C)(C)C
73,Zanamivir,[H][C@]1(OC(=C[C@H](N=C(N)N)[C@H]1NC(C)=O)C(O)=O)[C@H](O)[C@H](O)CO
74,Zidovudine,CC1=CN([C@H]2C[C@H](N=[N+]=[N-])[C@@H](CO)O2)C(=O)NC1=O
